,0
Aberdeen North (Bridge of Don),AB22 8GT
Aberdeen South (Cove),AB12 3GQ
Aberfeldy,PH15 2BJ
Abergavenny,NP7 5HT
Aberystwyth,SY23 1LE
Airdrie,ML6 0DA
Alness,IV17 0PJ
Alnwick,NE66 1LA
Arbroath,DD11 2NQ
Ashfield,NG17 5LA
Ashford (Kent),TN23 1PL
Ashton under Lyne (Halfords),OL7 0DN
Atherton (Manchester),M46 0SU
Aylesbury,HP21 7SL
Ayr,KA8 9DN
Bala,LL23 7SP
Ballachulish,PA49 4HP
Ballater,AB35 5QW
Banbury,OX16 9SD
Banff,AB45 1DL
Bangor,LL57 4HR
Barking (London),IG11 8QF
Barnet (London),EN5 1AH
Barnsley,S75 2DH
Barnstaple,EX31 1QN
Barrow In Furness,LA14 2PN
Barry,CF62 5QN
Basildon,SS14 3JS
Basingstoke,RG22 4LR
Bathgate,EH48 2AG
Belvedere (London),DA17 5EE
Benbecula Island,HS7 5LA
Berwick-On-Tweed,TD15 2UY
Birmingham (Garretts Green),B33 0TJ
Birmingham (Kings Heath),B14 5JA
Birmingham (Kingstanding),B44 9UL
Birmingham (Shirley),B90 4AA
Birmingham (South Yardley),B26 1EA
Birmingham (Sutton Coldfield),B73 5UB
Bishopbriggs,G64 2QG
Bishops Stortford,CM23 3JQ
Blackburn with Darwen,BB3 0DH
Blackpool,FY2 0XE
Bletchley,MK3 6DH
Blyth,NE24 2BA
Bodmin,PL31 2JL
Bolton (Manchester),BL3 2AW
 , 
Boston,PE21 8EA
Bournemouth,BH10 6BW
Bradford (Heaton),BD9 5AS
Bradford (Thornbury),BD3 7AY
Brecon,LD3 7RS
Bredbury (Manchester),SK6 2QT
Brentwood (London),N12 7PH
Bridgend,CF31 4AD
Bridlington,YO16 4SF
Bristol (Brislington),BS4 5JX
Bristol (Kingswood),BS15 4PG
Bristol (Southmead),BS10 6PZ
Brodick (Isle of Arran),KA27 8AA
Bromsgrove,B61 0DF
Buckie,AB56 1QJ
Burgess Hill,RH15 9AG
Burton on Trent,DE14 3NY
Bury St Edmunds,IP33 1TR
Buxton,SK17 9DS
Callander,FK17 8BN
Cambridge (Cowley Road),CB4 0DT
Campbeltown,PA28 6BD
Cannock,WS11 6BP
Cardigan,SA43 1ED
Cardington,MK44 3EQ
Carmarthen,SA31 1LP
Castle Douglas,DG7 1TH
Cheetham Hill (Manchester),M8 0TD
Chelmsford,CM1 1GU
Chelmsford (Hanbury Road),CM1 3DR
Cheltenham,GL52 2HQ
Chertsey (London),KT16 9JX
Chester,CH1 6LT
Chesterfield,S41 7LT
Chichester,PO20 2AA
Chingford (London),E4 6AD
Chorley,PR6 0AQ
Clacton-on-Sea,CO15 6QA
Colchester,CO2 8HF
Coventry,CV7 9EJ
Crawley,RH11 9BJ
Crewe,CW2 7LL
Crieff,PH7 3SB
Croydon (London),CR0 3HE
Cumnock,KA18 1BY
Darlington,DL1 4PW
Derby (Alvaston),DE21 7AY
Doncaster,DN2 5YL
Dorchester,DT1 3SU
Dumbarton,G82 3PD
Dumfries,DG1 2SH
Dundee,DD2 3QH
Dunfermline,KY11 8UH
Duns,TD11 3AU
Durham,DH7 8XL
East Kilbride,G74 4DY
Eastbourne,BN22 7PT
Elgin,IV30 1RJ
Elswick,NE4 7YL
Enfield (Innova Business Park),EN3 7XY
Erith (London),DA17 6AS
Exeter,EX2 8FS
Failsworth (Manchester),M35 9RD
Farnborough,GU14 6UU
Forfar,DD8 2AE
Fort William,PH33 6AN
Fraserburgh,AB43 9TN
Gairloch,IV21 2BX
Galashiels,TD1 3BH
Garston (Liverpool),L19 5ND
Gateshead,NE11 9HU
Gillingham,ME8 0RZ
Girvan,KA26 9AL
Glasgow (Anniesland),G13 1XT
Glasgow (Baillieston),G69 6GA
Glasgow (Shieldhall),G51 4TH
Glasgow (Springburn Park),G21 3AH
Gloucester,GL2 4LY
Golspie,KW10 6RN
Goodmayes (London),IG3 9UZ
Gosforth,NE3 5HB
Grangemouth,FK3 8UU
Grantham,NG31 9AQ
Grantham (Somerby),NG31 7TX
Grantown-On-Spey,PH26 3JR
Greenford (London),UB6 7QH
Greenock,PA16 8DD
Grimsby,DN31 2TB
Guildford,GU1 1SA
Haddington,EH41 4NG
Halifax,HX2 0HA
Hamilton,ML3 6RQ
Hartlepool,TS25 1TZ
Hastings (Ore),TN35 4NN
Hawick,TD9 8AG
Hayes (London),UB3 1ET
Heckmondwike,WF16 0AS
Hemel Hempstead,HP3 9AA
Hendon (London),NW9 5TZ
Hereford,HR4 0LE
Herne Bay,CT6 6LA
Hexham,NE46 3EW
Heysham,LA3 2UZ
High Wycombe,HP12 3PS
Hinckley,LE10 2TG
Hither Green (London),SE13 6JD
Hornchurch (London),RM12 6JX
Horsforth,LS18 5NY
Huddersfield,HD1 5NA
Hull (Off Clough Rd),HU6 7PY
Huntly,AB54 8JX
Hyde (Manchester),SK14 1JE
Inverness (Cradlehall Business Park),IV2 5GH
Inverurie,AB51 4FR
Ipswich,IP3 9SW
Irvine,KA11 5DJ
Islay Island,PA43 7JH
Isle of Barra,HS9 5XD
Isle of Islay (Port Ellen),PA42 7AS
Isle of Mull,PA72 6JD
Isle of Skye (Broadford),IV49 9AQ
Isle of Skye (Portree),IV51 9LX
Isle of Tiree,PA77 6UH
Isles of Scilly,TR21 0LW
Isleworth (London),TW7 6ER
Kelso,TD5 8DW
Kendal (Oxenholme Road),LA9 7RL
Kettering,NN15 6NL
Kings Lynn,PE30 4LS
Kingussie,PH21 1EN
Kirkcaldy,KY1 2YX
Knaresborough,HG5 8QB
Kyle of Lochalsh,IV40 8BP
Lairg,IV27 4DB
Lampeter,SA48 7BN
Lanark,ML11 9AX
Launceston,PL15 9NJ
Lee On The Solent,PO13 9YA
Leeds,LS9 6NF
Leicester (Cannock Street),LE4 9HT
Leicester (Gipsy Lane),LE4 6RH
Leicester (Wigston),LE18 4WS
Leighton Buzzard (Stanbridge Road),LU7 4QG
Lerwick,ZE1 0DJ
Letchworth,SG6 1RF
Lichfield,WS13 6RB
Lincoln,LN6 3RT
Livingston,EH54 5DE
Llandrindod Wells,LD1 5HA
Llanelli,SA15 3SB
Lochgilphead,PA31 8QX
Loughborough,LE11 1JP
Loughton (London),IG10 1RB
Louth,LN11 8RS
Lower Gornal,DY3 2AU
Lowestoft,NR32 1RL
Ludlow,SY8 1GN
Luton,LU1 5BT
Macclesfield,SK11 6EG
Macclesfield (RUFC),SK10 4AF
Maidstone,ME15 6JZ
Mallaig,PH41 4PX
Malton,YO17 7LB
Melton Mowbray,LE13 0UL
Merthyr Tydfil,CF48 4DR
Middlesbrough,TS3 8TE
Middleton,M24 1RU
Mill Hill (London),NW7 2DQ
Mitcham (London),CR0 3AQ
Monmouth,NP25 3DP
Montrose,DD10 9SL
Nelson,BB9 0AH
Newbury,RG14 7EB
Newbury (Hambridge Lane),RG14 5TZ
Newport (Gwent),NP19 4XH
Newport (Isle Of Wight),PO30 1EL
Newton Abbot,TQ12 4YQ
Newton Stewart,DG8 6HL
Newtown,SY16 1JB
Norris Green (Liverpool),L11 5BR
Northallerton,DL6 1NU
Northampton,NN5 7QA
Northwich,CW8 4BU
Norwich,NR7 0WE
Nottingham (Beeston),NG9 2ND
Nottingham (Clarendon Street),NG1 4BU
Nottingham (Clifton),NG11 8NS
Nottingham (Colwick),NG4 2JU
Nuneaton,CV10 8AA
Oban,PA34 4AE
Orkney,KW15 1FL
Oswestry,SY10 8GA
Oxford (Cowley),OX4 2PY
Oxford (Kassam Stadium),OX4 4XP
Paisley,PA3 3AT
Peebles,EH45 8DN
Pembroke Dock,SA72 6TD
Penzance,TR18 4JH
Perth,PH1 2DF
Perth (Arran Road),PH1 3DZ
Peterborough,PE1 5XA
Peterhead,AB42 3AW
Pinner (London),HA5 2DZ
Pitlochry,PH16 5EA
Plymouth,PL5 2EY
Pontefract,WF8 1RB
Pontypridd,CF37 1HH
Poole,BH17 0SA
Portsmouth,PO17 6AR
Preston,PR2 2PD
Pwllheli,LL53 5HT
Reading,RG2 0BW
Redditch,B97 6HJ
Redruth VOSA,TR15 3RP
Reigate,RH2 8HA
Rhyl,LL18 2EL
Rochdale (Manchester),OL16 5AF
Rotherham,S61 4RL
Rothesay,PA20 0DE
Rugby,CV22 7DH
Rutherglen,G73 1SX
Sale (Manchester),M33 7ER
Salford (Fire Station),M5 4LE
Salisbury,SP1 1LY
Scarborough,YO11 3BY
Scunthorpe,DN15 6XH
Sevenoaks,TN13 1HJ
Sheffield (Handsworth),S6 1TQ
Sheffield (Middlewood Road),S13 9LT
Shrewsbury,SY1 3BF
Sidcup (London),DA14 5AG
Skegness,PE25 3ST
Skipton,BD23 2BE
Slough (London),SL2 5AF
South Shields,NE32 3EG
South Uist Island,HS8 5TH
Southall (London),UB1 2HD
Southampton (Forest Hills),SO18 2FY
Southampton (Maybush),SO16 9FP
Southend-on-Sea,SS2 6LL
Southport (Liverpool),PR8 1HE
St Albans,AL1 3JX
St Helens (Liverpool),WA9 1NS
Stafford,ST16 2RF
Steeton,BD20 6RW
Stevenage,SG1 3DT
Stirling,FK8 2HF
Stoke on Trent (Cobridge),ST6 2HE
Stoke on Trent (Newcastle under Lyme),ST4 6PQ
Stornoway,HS1 2XX
Stranraer,DG9 8EH
Sunderland,SR5 3JJ
Sutton (London),SM1 1PU
Swansea,SA1 8QY
Swindon,SN5 5BL
Taunton,TA2 8RX
Telford,TF1 7FR
Thurso,KW14 7QA
Tilbury,RM18 7AE
Tolworth (London),KT6 7RZ
Trowbridge,BA14 7DZ
Tunbridge Wells,TN1 2ES
Ullapool,IV26 2UW
Upton,CH49 0UF
Uxbridge (London),UB8 2DB
Wakefield,WF5 9TG
Wallasey,CH44 8AT
Wanstead (London),E11 2AW
Warrington,WA2 9EP
Warwick,CV34 5LZ
Watford,WD25 8HU
Watnall,NG16 1JF
Wednesbury,WS10 9HN
Wellingborough,NN8 2EF
West Didsbury (Manchester),M21 7QY
West Wickham (London),BR4 0RL
Westbury,BA13 3PT
Weston-Super-Mare,BS23 3PZ
Whitby,YO22 4ET
Whitchurch,SY13 1EN
Wick,KW1 4QS
Widnes (Liverpool),WA8 8PT
Winchester,SO23 9SY
Wolverhampton,WV4 6JX
Wood Green (London),N22 5LF
Worcester,WR4 9FE
Workington,CA14 3YT
Worksop,S81 8BW
Worthing,BN12 6EA
Wrexham,LL13 7YP
